RSSI,X,Y
-58.580555,288,278
-76.865814,595,262
-72.73703,854,237

